L'ATZÚBIA;03001;ALICANTE;29;194;6;210,586;1
AGOST;03002;ALICANTE;8;40;5;357,875;1
AGRES;03003;ALICANTE;8;27;3;427,875;1
AIGÜES;03004;ALICANTE;32;185;5;163,367;1
ALBATERA;03005;ALICANTE;4;18;4;115,75;1
ALCALALÍ;03006;ALICANTE;54;320;5;196,585;3
ALCOSSER;03007;ALICANTE;1;5;5;171;1
ALCOLEJA;03008;ALICANTE;1;4;4;304;1
ALCOI/ALCOY;03009;ALICANTE;29;112;3;105,69;3
ALFAFARA;03010;ALICANTE;4;16;4;308,25;1
L'ALFÀS DEL PI;03011;ALICANTE;1003;4317;4;780,272;4
ALGORFA;03012;ALICANTE;23;114;4;104,696;2
ALGUEÑA;03013;ALICANTE;2;13;6;99,5;1
ALACANT / ALICANTE;03014;ALICANTE;3137;13427;4;126,507;23
ALMORADÍ;03015;ALICANTE;12;58;4;164,25;2
ALTEA;03018;ALICANTE;1672;8296;4;159,902;2
ASPE;03019;ALICANTE;5;27;5;169;1
BANYERES DE MARIOLA;03021;ALICANTE;13;63;4;184,231;1
BENEIXAMA;03023;ALICANTE;3;10;3;77;2
BENEJÚZAR;03024;ALICANTE;2;12;6;448;1
BENFERRI;03025;ALICANTE;2;10;5;116;1
BENIARBEIG;03026;ALICANTE;35;187;5;175,735;1
BENIARDÀ;03027;ALICANTE;3;17;5;218;1
BENIARRÉS;03028;ALICANTE;5;20;4;414;1
BENIGEMBLA;03029;ALICANTE;15;84;5;183;1
BENIDOLEIG;03030;ALICANTE;37;244;6;234,811;1
BENIDORM;03031;ALICANTE;5644;19573;3;98,522;4
BENIJÓFAR;03034;ALICANTE;14;68;4;125,429;1
BENILLOBA;03035;ALICANTE;1;12;12;178;1
BENIMANTELL;03037;ALICANTE;36;162;4;194,361;1
BENIMELI;03040;ALICANTE;5;27;5;206;1
BENISSA;03041;ALICANTE;1188;8047;6;245,48;2
EL POBLE NOU DE BENITATXELL;03042;ALICANTE;733;4044;5;157,512;1
BIAR;03043;ALICANTE;19;118;6;190,789;1
BIGASTRO;03044;ALICANTE;5;34;6;257,2;1
BOLULLA;03045;ALICANTE;8;62;7;226,375;1
BUSOT;03046;ALICANTE;88;583;6;217,035;2
CALP;03047;ALICANTE;5377;24090;4;127,785;1
CALLOSA D’EN SARRIÀ;03048;ALICANTE;25;185;7;279,913;2
CALLOSA DE SEGURA;03049;ALICANTE;2;6;3;75;1
EL CAMPELLO;03050;ALICANTE;1902;9528;5;585,96;1
CAÑADA;03052;ALICANTE;1;10;10;261;1
CASTALLA;03053;ALICANTE;19;105;5;184,053;1
CASTELL DE CASTELLS;03054;ALICANTE;4;22;5;179,25;1
CATRAL;03055;ALICANTE;5;28;5;172,8;1
COCENTAINA;03056;ALICANTE;8;50;6;227,5;1
CONFRIDES;03057;ALICANTE;4;31;7;325;1
COX;03058;ALICANTE;3;32;10;319;1
CREVILLENT;03059;ALICANTE;1;4;4;83;1
QUATRETONDETA;03060;ALICANTE;3;24;8;253,667;1
DAYA NUEVA;03061;ALICANTE;14;84;6;141,571;1
DAYA VIEJA;03062;ALICANTE;22;104;4;96,526;1
DÉNIA;03063;ALICANTE;4962;22945;4;111,397;7
DOLORES;03064;ALICANTE;21;106;5;137,824;1
ELX/ELCHE;03065;ALICANTE;920;4218;4;163,953;18
ELDA;03066;ALICANTE;5;38;7;149,6;1
FINESTRAT;03069;ALICANTE;868;3777;4;121,827;1
FORMENTERA DEL SEGURA;03070;ALICANTE;27;107;3;97,889;1
GATA DE GORGOS;03071;ALICANTE;26;164;6;167,583;1
GAIANES;03072;ALICANTE;6;35;5;235,333;1
EL CASTELL DE GUADALEST;03075;ALICANTE;23;75;3;104,696;1
GUARDAMAR DEL SEGURA;03076;ALICANTE;277;1325;4;90,56;2
EL FONDÓ DE LES NEUS / HONDÓN DE LAS NIEVES;03077;ALICANTE;24;147;6;178,208;1
HONDÓN DE LOS FRAILES;03078;ALICANTE;4;16;4;159,333;1
IBI;03079;ALICANTE;5;21;4;166,4;1
JACARILLA;03080;ALICANTE;3;12;4;122;1
XALÓ;03081;ALICANTE;65;394;6;174,683;1
XÀBIA/JÁVEA;03082;ALICANTE;4243;25804;6;201,041;5
XIXONA / JIJONA;03083;ALICANTE;10;78;7;244,111;1
L’ORXA / LORCHA;03084;ALICANTE;1;8;8;219;1
LLÍBER;03085;ALICANTE;36;217;6;212;1
MONFORTE DEL CID;03088;ALICANTE;15;125;8;198,2;2
MONÒVER/MON;03089;ALICANTE;5;27;5;138,6;1
MUTXAMEL;03090;ALICANTE;202;1204;5;177,746;1
MURLA;03091;ALICANTE;18;96;5;168,556;2
MURO DE ALCOY;03092;ALICANTE;4;34;8;430,25;1
NOVELDA;03093;ALICANTE;26;134;5;200,346;1
LA NUCIA;03094;ALICANTE;82;470;5;182,926;1
ONDARA;03095;ALICANTE;21;129;6;293,095;1
ONIL;03096;ALICANTE;8;54;6;255;1
ORBA;03097;ALICANTE;91;561;6;194,374;4
ORXETA;03098;ALICANTE;6;31;5;171,667;1
ORIHUELA;03099;ALICANTE;4558;20862;4;97,58;13
PARCENT;03100;ALICANTE;9;48;5;195,75;1
PEDREGUER;03101;ALICANTE;309;1622;5;173,864;1
PEGO;03102;ALICANTE;163;894;5;176,712;2
PENÀGUILA;03103;ALICANTE;4;24;6;112,25;1
PETRER;03104;ALICANTE;3;9;3;122,333;1
EL PINÓS / PINOSO;03105;ALICANTE;16;106;6;270,75;2
PLANES;03106;ALICANTE;5;36;7;385;1
POLOP;03107;ALICANTE;128;594;4;137,883;1
EL RÀFOL D’ALMÚNIA;03110;ALICANTE;64;402;6;227,397;2
RELLEU;03112;ALICANTE;23;124;5;139,913;1
ROJALES;03113;ALICANTE;909;4797;5;134,336;1
LA ROMANA;03114;ALICANTE;5;33;6;237,6;1
SAGRA;03115;ALICANTE;8;52;6;212,375;1
SALINAS;03116;ALICANTE;2;8;4;173;1
SANET Y NEG;03117;ALICANTE;24;126;5;163,667;1
SAN FULGENCIO;03118;ALICANTE;270;1442;5;124,16;1
SANT JOAN D’ALACANT;03119;ALICANTE;205;1256;6;163,289;2
SAN MIGUEL DE SALINAS;03120;ALICANTE;240;1187;4;127,414;2
SANTA POLA;03121;ALICANTE;3031;14177;4;90,087;1
SANT VICENT DEL RASPEIG;03122;ALICANTE;102;646;6;177,618;2
SAX;03123;ALICANTE;3;9;3;102,667;2
SELLA;03124;ALICANTE;8;48;6;311,143;1
SENIJA;03125;ALICANTE;10;72;7;208,778;1
TÀRBENA;03127;ALICANTE;3;16;5;187,667;1
TEULADA;03128;ALICANTE;2036;12565;6;191,265;3
TIBI;03129;ALICANTE;6;36;6;149,667;1
TORMOS;03131;ALICANTE;3;13;4;176,333;1
LA TORRE DE LES MAÇANES / TORREMANZANAS;03132;ALICANTE;4;26;6;120,25;1
TORREVIEJA;03133;ALICANTE;9683;38122;3;74,332;8
LA VALL D'ALCALÀ;03134;ALICANTE;1;6;6;234;1
LA VALL D’EBO;03135;ALICANTE;2;9;4;128,5;1
LA VALL DE GALLINERA;03136;ALICANTE;8;54;6;186,5;1
LA VALL DE LAGUAR;03137;ALICANTE;9;48;5;254,5;1
VERGER, EL;03138;ALICANTE;194;904;4;112,682;1
LA VILA JOIOSA / VILLAJOYOSA;03139;ALICANTE;1815;6821;3;99,817;1
VILLENA;03140;ALICANTE;21;152;7;182,19;2
ELS POBLETS;03901;ALICANTE;237;1223;5;141,428;1
PILAR DE LA HORADADA;03902;ALICANTE;719;3366;4;89,258;3
LOS MONTESINOS;03903;ALICANTE;89;498;5;115,368;1
ATZENETA DE;12001;CASTELLÓN;7;40;5;132,333;2
AÍN;12002;CASTELLÓN;2;18;9;452;1
ALBOCÀSSER;12003;CASTELLÓN;3;24;8;257,667;1
ALCALÀ DE XIVERT;12004;CASTELLÓN;2149;9291;4;94,637;2
ALCORA, L';12005;CASTELLÓN;5;30;6;94,2;1
L'ALCÚDIA DE VEO;12006;CASTELLÓN;4;22;5;126,5;1
ALFONDEGUILLA;12007;CASTELLÓN;1;6;6;190;1
ALGIMIA DE;12008;CASTELLÓN;3;16;5;113,667;1
ALMASSORA;12009;CASTELLÓN;23;131;5;106,652;1
ALMEDÍJAR;12010;CASTELLÓN;3;16;5;171,667;1
ALMENARA;12011;CASTELLÓN;77;347;4;116;2
ALTURA;12012;CASTELLÓN;11;70;6;146,909;1
ARES DEL MAESTRAT;12014;CASTELLÓN;3;12;4;111,333;1
ARGELITA;12015;CASTELLÓN;1;8;8;102;1
ARTANA;12016;CASTELLÓN;2;7;3;84;1
AZUÉBAR;12018;CASTELLÓN;1;7;7;199;1
BEJÍS;12022;CASTELLÓN;2;14;7;125;1
BENAFER;12024;CASTELLÓN;5;22;4;233,2;1
BENAFIGOS;12025;CASTELLÓN;2;14;7;214;1
BENASSAL;12026;CASTELLÓN;14;53;3;610,429;1
BENICARLÓ;12027;CASTELLÓN;403;1878;4;98,594;1
BENICÀSSIM / BENICASIM;12028;CASTELLÓN;962;4924;5;123,83;1
BENLLOC;12029;CASTELLÓN;4;22;5;158,75;1
BORRIOL;12031;CASTELLÓN;6;35;5;209,5;1
BORRIANA / BURRIANA;12032;CASTELLÓN;122;604;4;123,876;1
CABANES;12033;CASTELLÓN;155;674;4;115,037;4
CÀLIG;12034;CASTELLÓN;13;92;7;181,417;1
CANET LO ROIG;12036;CASTELLÓN;4;41;10;298,75;1
CASTELL DE CABRES;12037;CASTELLÓN;2;10;5;86;1
CASTELLFORT;12038;CASTELLÓN;2;16;8;289,5;1
CASTELLÓ DE LA PLANA;12040;CASTELLÓN;622;2914;4;110,412;7
CASTILLO DE VILLAMALEFA;12041;CASTELLÓN;4;18;4;342,25;1
CATÍ;12042;CASTELLÓN;4;35;8;263,25;1
CAUDIEL;12043;CASTELLÓN;11;53;4;123,091;1
CERVERA DEL MAESTRE;12044;CASTELLÓN;7;34;4;145,286;1
CINCTORRES;12045;CASTELLÓN;2;24;12;403,5;1
CIRAT;12046;CASTELLÓN;7;33;4;140,167;2
CORTES DE ARENOSO;12048;CASTELLÓN;5;32;6;368;2
COSTUR;12049;CASTELLÓN;5;23;4;272,4;1
LES COVES DE VINROMÀ;12050;CASTELLÓN;2;20;10;178,5;1
CULLA;12051;CASTELLÓN;3;22;7;168;1
XERT;12052;CASTELLÓN;7;43;6;218,8;1
CHILCHES/XI;12053;CASTELLÓN;74;346;4;123,878;1
XODOS/CHODO;12055;CASTELLÓN;1;2;2;104;1
CHÓVAR;12056;CASTELLÓN;1;5;5;117;1
ESLIDA;12057;CASTELLÓN;13;65;5;137,385;1
FANZARA;12059;CASTELLÓN;3;15;5;129;1
FIGUEROLES;12060;CASTELLÓN;2;15;7;155;1
FORCALL;12061;CASTELLÓN;4;17;4;257;1
FUENTE LA REINA;12063;CASTELLÓN;1;6;6;160;1
FUENTES DE AYÓDAR;12064;CASTELLÓN;3;14;4;354;1
GAIBIEL;12065;CASTELLÓN;1;5;5;57;1
GELDO;12067;CASTELLÓN;2;15;7;126;1
HERBERS;12068;CASTELLÓN;1;4;4;247;1
JANA, LA;12070;CASTELLÓN;1;12;12;210;1
JÉRICA;12071;CASTELLÓN;21;123;5;123,952;1
LLUCENA/LUC;12072;CASTELLÓN;11;67;6;115,818;1
LUDIENTE;12073;CASTELLÓN;3;18;6;166,667;1
LLOSA, LA;12074;CASTELLÓN;2;9;4;107;1
LA MATA DE MORELLA;12075;CASTELLÓN;3;18;6;462,333;1
MATET;12076;CASTELLÓN;2;13;6;115,5;1
MONCOFA;12077;CASTELLÓN;326;1400;4;88,812;1
MONTÁN;12078;CASTELLÓN;8;62;7;187,375;1
MONTANEJOS;12079;CASTELLÓN;57;292;5;95,035;1
MORELLA;12080;CASTELLÓN;53;292;5;180,75;3
NAVAJAS;12081;CASTELLÓN;15;98;6;168,067;1
NULES;12082;CASTELLÓN;33;167;5;88,97;2
OLOCAU DEL REY;12083;CASTELLÓN;1;3;3;369;1
ONDA;12084;CASTELLÓN;3;20;6;134,667;1
ORPESA / OROPESA DEL MAR;12085;CASTELLÓN;3089;13492;4;106,383;1
PAVÍAS;12088;CASTELLÓN;1;4;4;237;1
PENÍSCOLA / PEÑÍSCOLA;12089;CASTELLÓN;2902;13007;4;155,272;1
PINA DE MONTORNÈS;12090;CASTELLÓN;1;2;2;168;1
PORTELL DE MORELLA;12091;CASTELLÓN;2;18;9;1833;1
PUEBLA DE ARENOSO;12092;CASTELLÓN;6;34;5;111,2;2
LA POBLA DE BENIFASSÀ;12093;CASTELLÓN;7;37;5;137,714;1
LA POBLA TORNESA;12094;CASTELLÓN;6;40;6;184,833;1
ROSSELL;12096;CASTELLÓN;4;20;5;191;2
LA SALZADELLA;12098;CASTELLÓN;2;24;12;457,5;1
SANT JORDI;12099;CASTELLÓN;280;1230;4;111,746;1
SANT MATEU;12100;CASTELLÓN;20;115;5;223,45;1
SAN RAFAEL;12101;CASTELLÓN;6;27;4;149,2;2
SANTA MAGDALENA DE PULPIS;12102;CASTELLÓN;4;25;6;168,5;1
LA SERRATELLA;12103;CASTELLÓN;1;6;6;102;1
SEGORBE;12104;CASTELLÓN;31;149;4;203,742;2
SIERRA ENGARCERÁN;12105;CASTELLÓN;4;21;5;147,25;1
SONEJA;12106;CASTELLÓN;3;12;4;96;1
SOT DE FERRER;12107;CASTELLÓN;1;10;10;190;1
SUERA;12108;CASTELLÓN;5;22;4;156,2;1
TALES;12109;CASTELLÓN;3;20;6;207,667;1
TÍRIG;12111;CASTELLÓN;3;20;6;139;1
TORÁS;12114;CASTELLÓN;4;26;6;128,5;1
TORO, EL;12115;CASTELLÓN;1;2;2;;1
TORRALBA DEL PINAR;12116;CASTELLÓN;5;16;3;125,4;1
TORREBLANCA;12117;CASTELLÓN;192;852;4;169,968;1
TORRE D'EN BESORA;12120;CASTELLÓN;2;15;7;151;1
TRAIGUERA;12121;CASTELLÓN;4;18;4;107,333;1
USERES, LES;12122;CASTELLÓN;5;43;8;354,6;2
LA VALL D'ALMONACID;12125;CASTELLÓN;5;27;5;247;1
VALL D'UIXÓ;12126;CASTELLÓN;3;20;6;232;1
VALLIBONA;12127;CASTELLÓN;2;14;7;118;1
VILAFAMÉS;12128;CASTELLÓN;17;91;5;132,125;1
VILAFRANCA DEL CID;12129;CASTELLÓN;8;39;4;158,25;1
VILLAHERMOSA DEL RÍO;12130;CASTELLÓN;6;33;5;140,167;1
VILLANUEVA DE VIVER;12133;CASTELLÓN;10;39;3;190,6;1
VILAR DE CANES;12134;CASTELLÓN;1;2;2;233;1
VILA-REAL;12135;CASTELLÓN;19;90;4;127,316;1
VILLORES;12137;CASTELLÓN;1;6;6;436;1
VINARÒS;12138;CASTELLÓN;976;4857;4;116,419;1
VISTABELLA DEL MAESTRAT;12139;CASTELLÓN;13;79;6;137,667;1
VIVER;12140;CASTELLÓN;5;35;7;245,2;1
ZORITA DEL MAESTRAZGO;12141;CASTELLÓN;2;12;6;174;1
ZUCAINA;12142;CASTELLÓN;4;16;4;10299;1
LES ALQUERIES;12901;CASTELLÓN;5;50;10;206,4;1
SANT JOAN DE MORÓ;12902;CASTELLÓN;2;10;5;138;1
ADEMUZ;46001;VALENCIA;4;11;2;77,25;1
ADOR;46002;VALENCIA;26;149;5;198,731;1
ATZENETA D';46003;VALENCIA;4;24;6;205,25;1
AGULLENT;46004;VALENCIA;1;4;4;;1
ALAQUÀS;46005;VALENCIA;12;54;4;117,083;1
ALBAIDA;46006;VALENCIA;2;14;7;162;1
ALBALAT DE LA RIBERA;46008;VALENCIA;1;10;10;185;1
ALBALAT DELS SORELLS;46009;VALENCIA;1;4;4;75;1
ALBALAT DELS TARONGERS;46010;VALENCIA;7;50;7;191;1
ALBERIC;46011;VALENCIA;6;46;7;1430,833;1
ALBORACHE;46012;VALENCIA;3;18;6;203,333;1
ALBORAIA / ALBORAYA;46013;VALENCIA;447;2018;4;107,175;1
ALCÀSSER;46015;VALENCIA;1;5;5;225;1
ALZIRA;46017;VALENCIA;19;111;5;182,526;2
ALCUBLAS;46018;VALENCIA;1;8;8;189;1
L'ALCÚDIA DE CRESPINS;46020;VALENCIA;1;6;6;72;1
ALDAIA;46021;VALENCIA;5;24;4;98,4;1
ALFAFAR;46022;VALENCIA;3;12;4;114;1
ALFARB;46026;VALENCIA;3;17;5;149;1
ALGAR DE PALANCIA;46028;VALENCIA;5;25;5;293;1
ALGEMESÍ;46029;VALENCIA;11;59;5;149,182;1
ALGINET;46031;VALENCIA;3;20;6;253;1
ALMÀSSERA;46032;VALENCIA;2;10;5;121;1
ALMISERÀ;46033;VALENCIA;2;12;6;159;1
ALMOINES;46034;VALENCIA;1;5;5;83;1
ALMUSSAFES;46035;VALENCIA;2;14;7;233;1
ALPUENTE;46036;VALENCIA;17;96;5;239,059;1
ANDILLA;46038;VALENCIA;1;3;3;72;1
ANNA;46039;VALENCIA;15;95;6;204,8;1
ANTELLA;46040;VALENCIA;1;6;6;84;1
ARAS DE LOS OLMOS;46041;VALENCIA;1;6;6;103;1
AIELO DE MALFERIT;46042;VALENCIA;1;10;10;509;1
AIELO DE RUGAT;46043;VALENCIA;2;14;7;165;1
AYORA;46044;VALENCIA;6;40;6;249,4;2
BARXETA;46045;VALENCIA;3;26;8;123;1
BARX;46046;VALENCIA;39;278;7;251,385;1
BELLREGUARD;46048;VALENCIA;167;751;4;86,665;1
BELLÚS;46049;VALENCIA;1;6;6;183;1
BENAGUASIL;46051;VALENCIA;11;68;6;213,636;1
BENAVITES;46052;VALENCIA;1;6;6;286;1
BENEIXIDA;46053;VALENCIA;2;13;6;188;1
BENETÚSSER;46054;VALENCIA;9;46;5;97,889;1
BENIARJÓ;46055;VALENCIA;5;25;5;137,8;1
BENIATJAR;46056;VALENCIA;1;6;6;245;1
BENICOLET;46057;VALENCIA;1;8;8;176;1
BENIFAIRÓ DE LES VALLS;46058;VALENCIA;2;9;4;98;1
BENIFAIRÓ DE LA VALLDIGNA;46059;VALENCIA;2;16;8;225,5;1
BENIFAIÓ;46060;VALENCIA;2;12;6;186;1
BENIFLÁ;46061;VALENCIA;1;6;6;109;1
BENIGÀNIM;46062;VALENCIA;2;12;6;155;1
BENISSANÓ;46067;VALENCIA;1;3;3;76;1
BENISSODA;46068;VALENCIA;2;12;6;241;1
BENISSUERA;46069;VALENCIA;1;5;5;216;1
BÉTERA;46070;VALENCIA;15;103;6;189,267;1
BICORP;46071;VALENCIA;3;25;8;276;1
BOCAIRENT;46072;VALENCIA;27;129;4;118,148;1
BOLBAITE;46073;VALENCIA;17;110;6;220,059;1
BONREPÒS I MIRAMBELL;46074;VALENCIA;2;12;6;345,5;1
BUFALI;46075;VALENCIA;1;4;4;223;1
BUGARRA;46076;VALENCIA;2;12;6;161,5;1
BUÑOL;46077;VALENCIA;12;78;6;148,364;1
BURJASSOT;46078;VALENCIA;52;201;3;106,058;1
CALLES;46079;VALENCIA;5;24;4;113,8;1
CAMPORROBLES;46080;VALENCIA;2;16;8;218,5;1
CANALS;46081;VALENCIA;1;9;9;370;1
CANET D'EN BERENGUER;46082;VALENCIA;569;2397;4;115,29;1
CARCAIXENT;46083;VALENCIA;3;20;6;302,333;1
CARRÍCOLA;46086;VALENCIA;2;25;12;212,5;1
CASAS ALTAS;46087;VALENCIA;1;4;4;126;1
CASAS BAJAS;46088;VALENCIA;2;14;7;152;1
CASINOS;46089;VALENCIA;8;48;6;240,25;1
CASTELLÓ DE LA RIBERA;46090;VALENCIA;2;13;6;221;1
CASTELLONET DE LA CONQUESTA;46091;VALENCIA;2;18;9;253;1
CASTIELFABIB;46092;VALENCIA;6;30;5;394,5;2
CATADAU;46093;VALENCIA;9;67;7;299;1
CATARROJA;46094;VALENCIA;24;113;4;112,792;1
CAUDETE DE LAS FUENTES;46095;VALENCIA;5;24;4;141,4;1
COFRENTES;46097;VALENCIA;5;24;4;1046;1
CORBERA;46098;VALENCIA;6;34;5;327,667;1
CORTES DE PALLÁS;46099;VALENCIA;4;28;7;172,5;1
QUART DE LES VALLS;46101;VALENCIA;1;6;6;395;1
QUART DE POBLET;46102;VALENCIA;10;47;4;183,5;1
CULLERA;46105;VALENCIA;1434;6398;4;95,557;4
CHELVA;46106;VALENCIA;11;68;6;158,091;1
CHELLA;46107;VALENCIA;15;112;7;253;1
CHERA;46108;VALENCIA;2;18;9;537;1
CHESTE;46109;VALENCIA;5;29;5;226,8;1
CHIVA;46111;VALENCIA;34;235;6;222,412;1
CHULILLA;46112;VALENCIA;54;286;5;133,209;1
DAIMÚS;46113;VALENCIA;396;1711;4;82,073;1
DOS AGUAS;46115;VALENCIA;1;6;6;96;1
ELIANA, L';46116;VALENCIA;44;314;7;249,5;1
EMPERADOR;46117;VALENCIA;1;4;4;98;1
ENGUERA;46118;VALENCIA;6;42;7;183;1
ESTIVELLA;46120;VALENCIA;5;30;6;194;1
ESTUBENY;46121;VALENCIA;2;7;3;100,5;1
FAURA;46122;VALENCIA;6;31;5;120;1
FAVARA;46123;VALENCIA;8;49;6;125,125;1
FONTANARS DELS ALFORINS;46124;VALENCIA;7;49;7;484,571;1
FORTALENY;46125;VALENCIA;3;20;6;88,667;1
FOIOS;46126;VALENCIA;4;22;5;214,25;1
LA FONT D'EN CARRÒS;46127;VALENCIA;38;218;5;172,026;2
LA FONT DE LA FIGUERA;46128;VALENCIA;2;14;7;289;1
FUENTERROBLES;46129;VALENCIA;1;12;12;212;1
GANDIA;46131;VALENCIA;2938;14674;4;93,275;5
GENOVÉS, EL;46132;VALENCIA;4;42;10;463,5;1
GESTALGAR;46133;VALENCIA;2;10;5;111,5;1
GILET;46134;VALENCIA;11;65;5;191,545;1
GODELLA;46135;VALENCIA;9;76;8;339,444;1
GODELLETA;46136;VALENCIA;5;34;6;374,2;1
GUADASSUAR;46139;VALENCIA;2;8;4;176;1
GUARDAMAR DE LA SAFOR;46140;VALENCIA;49;224;4;83,898;1
HIGUERUELAS;46141;VALENCIA;7;30;4;75,571;1
JALANCE;46142;VALENCIA;4;19;4;81,5;1
XERACO;46143;VALENCIA;417;2090;5;93,704;1
JARAFUEL;46144;VALENCIA;2;12;6;250,5;1
XÀTIVA;46145;VALENCIA;56;253;4;119,338;1
XERESA;46146;VALENCIA;24;106;4;85,476;1
LLÍRIA;46147;VALENCIA;44;242;5;167,952;1
LOSA DEL OBISPO;46149;VALENCIA;15;69;4;156,8;1
LLUTXENT;46150;VALENCIA;6;15;2;181;1
LLANERA DE RANES;46154;VALENCIA;2;10;5;263,5;1
LLAURÍ;46155;VALENCIA;4;28;7;257,25;1
LLOMBAI;46156;VALENCIA;4;28;7;282,5;1
LLOSA DE RANES;46157;VALENCIA;1;4;4;154;1
MACASTRE;46158;VALENCIA;11;68;6;230,091;1
MANISES;46159;VALENCIA;7;44;6;160,429;1
MARINES;46161;VALENCIA;5;37;7;207,8;1
MASSALFASSA;46163;VALENCIA;1;6;6;146;1
MASSAMAGREL;46164;VALENCIA;2;8;4;98;1
MASSANASSA;46165;VALENCIA;4;17;4;86,25;1
MELIANA;46166;VALENCIA;3;22;7;259,333;1
MIRAMAR;46168;VALENCIA;221;1039;4;88,824;2
MISLATA;46169;VALENCIA;22;96;4;98;1
MOIXENT / MOGENT;46170;VALENCIA;11;58;5;162,091;1
MONTCADA;46171;VALENCIA;5;32;6;195,5;2
MONTSERRAT;46172;VALENCIA;7;44;6;180,429;1
MONTESA;46174;VALENCIA;2;13;6;128,5;1
MONTITXELVO;46175;VALENCIA;4;30;7;231,25;1
MONTROI;46176;VALENCIA;10;67;6;251,2;1
NÀQUERA / NÁQUERA;46178;VALENCIA;14;82;5;266,643;1
NAVARRÉS;46179;VALENCIA;34;251;7;301,029;1
OLIVA;46181;VALENCIA;1471;6800;4;662,112;1
OLOCAU;46182;VALENCIA;10;81;8;340,333;1
OLLERIA, L';46183;VALENCIA;4;21;5;132;1
ONTINYENT;46184;VALENCIA;47;263;5;242,149;1
OTOS;46185;VALENCIA;2;10;5;202,5;1
PAIPORTA;46186;VALENCIA;12;62;5;114,5;1
PALMA DE GANDÍA;46187;VALENCIA;8;68;8;240,375;2
PALMERA;46188;VALENCIA;2;11;5;411,5;1
PATERNA;46190;VALENCIA;57;306;5;162,696;2
PEDRALBA;46191;VALENCIA;4;16;4;265,5;1
PETRÉS;46192;VALENCIA;3;16;5;109;2
PICASSENT;46194;VALENCIA;9;80;8;313,111;1
PILES;46195;VALENCIA;160;795;4;88,7;1
POLINYÀ DE XÚQUER;46197;VALENCIA;3;16;5;533;1
POTRIES;46198;VALENCIA;1;6;6;190;1
LA POBLA DE FARNALS;46199;VALENCIA;218;908;4;78,966;2
LA POBLA DE VALLBONA;46202;VALENCIA;13;94;7;259,077;2
LA POBLA LLARGA;46203;VALENCIA;2;12;6;111,5;1
PUIG DE SANTA MARIA;46204;VALENCIA;98;482;4;105,125;2
PUÇOL;46205;VALENCIA;89;438;4;133,337;1
QUESA;46206;VALENCIA;4;34;8;275,25;1
RAFELBUNYOL;46207;VALENCIA;2;8;4;78,5;1
RAFELCOFER;46208;VALENCIA;4;29;7;195;1
RAFELGUARAF;46209;VALENCIA;1;6;6;170;1
EL RÀFOL DE SALEM;46210;VALENCIA;1;8;8;261;1
REAL DE GANDÍA;46211;VALENCIA;10;73;7;267,8;1
REQUENA;46213;VALENCIA;55;312;5;148,698;6
RIBA-ROJA DE TÚRIA;46214;VALENCIA;15;107;7;286,667;1
RIOLA;46215;VALENCIA;3;10;3;115,667;1
ROCAFORT;46216;VALENCIA;1;2;2;124;1
ROTGLÀ I CORBERA;46217;VALENCIA;2;14;7;395;1
RÒTOVA;46218;VALENCIA;8;51;6;161,875;1
SAGUNT / SAGUNTO;46220;VALENCIA;607;3211;5;116,802;3
SALEM;46221;VALENCIA;2;14;7;201;1
SEDAVÍ;46223;VALENCIA;9;38;4;126,778;1
SEGART;46224;VALENCIA;2;12;6;303;1
SENYERA;46227;VALENCIA;2;11;5;245;1
SERRA;46228;VALENCIA;27;174;6;184,556;1
SIETE AGUAS;46229;VALENCIA;10;76;7;236;1
SILLA;46230;VALENCIA;3;16;5;209,667;1
SIMAT DE LA VALLDIGNA;46231;VALENCIA;5;31;6;194,2;1
SOLLANA;46233;VALENCIA;1;6;6;153;1
SOT DE CHERA;46234;VALENCIA;1;4;4;187;1
SUECA;46235;VALENCIA;273;1452;5;110,396;3
TAVERNES BLANQUES;46237;VALENCIA;4;17;4;112;1
TAVERNES DE LA VALLDIGNA;46238;VALENCIA;170;833;4;103,458;1
TERRATEIG;46240;VALENCIA;2;13;6;277;1
TORREBAJA;46242;VALENCIA;1;9;9;176;1
TORRENT;46244;VALENCIA;14;81;5;187,857;3
TORRES TORRES;46245;VALENCIA;10;57;5;215,4;1
TOUS;46246;VALENCIA;2;16;8;264;1
TUÉJAR;46247;VALENCIA;3;17;5;384;1
TURÍS;46248;VALENCIA;18;129;7;273,941;1
UTIEL;46249;VALENCIA;6;29;4;324,333;2
VALÈNCIA;46250;VALENCIA;5919;20972;3;180,408;31
VALLADA;46251;VALENCIA;3;17;5;116;1
VALLÉS;46253;VALENCIA;1;8;8;197;1
VENTA DEL MORO;46254;VALENCIA;6;36;6;149,833;1
VILALLONGA / VILLALONGA;46255;VALENCIA;7;52;7;262;1
VILAMARXANT;46256;VALENCIA;2;10;5;193,5;1
VILLAR DEL ARZOBISPO;46258;VALENCIA;1;6;6;116;1
VILLARGORDO DEL CABRIEL;46259;VALENCIA;1;4;4;83;1
VINALESA;46260;VALENCIA;1;5;5;241;1
YÁTOVA;46261;VALENCIA;1;8;8;274;1
ZARRA;46263;VALENCIA;4;26;6;218,5;1
SAN ANTONIO DE BENAGÉBER;46903;VALENCIA;11;73;6;226,455;1
BENICULL DE XÚQUER;46904;VALENCIA;1;6;6;103;1
